{"nodes":{"node:16580608":{"location":{"x":-1411,"y":-163}},"node:16646144":{"location":{"x":-889,"y":-265}},"node:16711680":{"location":{"x":-1415,"y":-403}}},"selection":null,"view":{"scroll":{"x":-1776.13818359375,"y":-566.27947998046875},"visible_rect":{"max":{"x":-476.3590087890625,"y":90.5200881958007812},"min":{"x":-1478.8026123046875,"y":-471.4810791015625}},"zoom":1.2010650634765625}}