{"nodes":{"node:16515072":{"location":{"x":-565,"y":349}},"node:16580608":{"location":{"x":-595,"y":84}},"node:16646144":{"location":{"x":-43,"y":183}},"node:16711680":{"location":{"x":-602,"y":-121}}},"selection":null,"view":{"scroll":{"x":-605.19189453125,"y":-142.083633422851562},"visible_rect":{"max":{"x":372.80810546875,"y":543.9163818359375},"min":{"x":-605.19189453125,"y":-142.083633422851562}},"zoom":1}}