{"nodes":{"node:16449536":{"location":{"x":139,"y":-95}},"node:16515072":{"location":{"x":-291,"y":332}},"node:16580608":{"location":{"x":-275,"y":-307}},"node:16646144":{"location":{"x":-243,"y":-563}},"node:16711680":{"location":{"x":997,"y":-242}}},"selection":["node:16449536"],"view":{"scroll":{"x":839.1910400390625,"y":-426.2030029296875},"visible_rect":{"max":{"x":1545.460693359375,"y":45.8646659851074219},"min":{"x":559.460693359375,"y":-284.135345458984375}},"zoom":1.5}}