{"nodes":{"node:16121856":{"location":{"x":1964,"y":4}},"node:16187392":{"location":{"x":2517,"y":-479}},"node:16252928":{"location":{"x":1206,"y":-642}},"node:16318464":{"location":{"x":2732,"y":28}},"node:16384000":{"location":{"x":1651,"y":-880}},"node:16449536":{"location":{"x":318,"y":-236}},"node:16515072":{"location":{"x":1339,"y":-152}},"node:16580608":{"location":{"x":428,"y":-564}},"node:16646144":{"location":{"x":620,"y":-836}},"node:16711680":{"location":{"x":3246,"y":-232}}},"selection":["node:16187392"],"view":{"scroll":{"x":1794.785888671875,"y":-293.62939453125},"visible_rect":{"max":{"x":2905.785888671875,"y":121.37060546875},"min":{"x":1794.785888671875,"y":-293.62939453125}},"zoom":1}}