{"nodes":{"node:15990784":{"location":{"x":1340,"y":-948}},"node:16056320":{"location":{"x":3148,"y":-230}},"node:16121856":{"location":{"x":1836,"y":68}},"node:16187392":{"location":{"x":2566,"y":-549}},"node:16252928":{"location":{"x":1206,"y":-642}},"node:16318464":{"location":{"x":3084,"y":92}},"node:16384000":{"location":{"x":1971,"y":-1008}},"node:16449536":{"location":{"x":494,"y":-156}},"node:16515072":{"location":{"x":1339,"y":-152}},"node:16580608":{"location":{"x":428,"y":-564}},"node:16646144":{"location":{"x":620,"y":-836}},"node:16711680":{"location":{"x":3660,"y":-304}}},"selection":["node:16318464"],"view":{"scroll":{"x":5169.55419921875,"y":-382.820648193359375},"visible_rect":{"max":{"x":3571.445556640625,"y":241.14453125},"min":{"x":3322.703369140625,"y":-246.055923461914062}},"zoom":1.55582773685455322}}