{"nodes":{"node:16449536":{"location":{"x":104,"y":200}},"node:16515072":{"location":{"x":-401,"y":100}},"node:16580608":{"location":{"x":-451,"y":-195}},"node:16646144":{"location":{"x":-403,"y":-467}},"node:16711680":{"location":{"x":661,"y":-185}}},"selection":null,"view":{"scroll":{"x":-389.426849365234375,"y":-175.492538452148438},"visible_rect":{"max":{"x":1456.7642822265625,"y":431.34332275390625},"min":{"x":-519.23583984375,"y":-233.990081787109375}},"zoom":0.749999940395355225}}