{"nodes":{"node:16580608":{"location":{"x":-659,"y":204}},"node:16646144":{"location":{"x":-627,"y":-67}},"node:16711680":{"location":{"x":-105,"y":70}}},"selection":["node:16711680"],"view":{"scroll":{"x":-885.6563720703125,"y":-92.015106201171875},"visible_rect":{"max":{"x":660.3436279296875,"y":523.98486328125},"min":{"x":-885.6563720703125,"y":-92.015106201171875}},"zoom":1}}