{"nodes":{"node:16646144":{"location":{"x":-58,"y":-59}},"node:16711680":{"location":{"x":223,"y":4}}},"selection":null,"view":{"scroll":{"x":-257.35614013671875,"y":-324.3624267578125},"visible_rect":{"max":{"x":581.8218994140625,"y":272.31878662109375},"min":{"x":-128.678070068359375,"y":-162.18121337890625}},"zoom":2}}