{"nodes":{"node:16515072":{"location":{"x":75,"y":540}},"node:16580608":{"location":{"x":124,"y":268}},"node:16646144":{"location":{"x":677,"y":232}},"node:16711680":{"location":{"x":124,"y":28}}},"selection":null,"view":{"scroll":{"x":619.399658203125,"y":-26.328094482421875},"visible_rect":{"max":{"x":1743.399658203125,"y":693.671875},"min":{"x":619.399658203125,"y":-26.328094482421875}},"zoom":1}}