{"nodes":{"node:16711680":{"location":{"x":-501,"y":67}}},"selection":null,"view":{"scroll":{"x":-807.67919921875,"y":-182.166748046875},"visible_rect":{"max":{"x":650.32080078125,"y":550.833251953125},"min":{"x":-807.67919921875,"y":-182.166748046875}},"zoom":1}}