{"nodes":{"node:16187392":{"location":{"x":2355,"y":-478}},"node:16252928":{"location":{"x":1206,"y":-642}},"node:16318464":{"location":{"x":2732,"y":28}},"node:16384000":{"location":{"x":1814,"y":-711}},"node:16449536":{"location":{"x":318,"y":-236}},"node:16515072":{"location":{"x":1339,"y":-152}},"node:16580608":{"location":{"x":428,"y":-564}},"node:16646144":{"location":{"x":620,"y":-836}},"node:16711680":{"location":{"x":3246,"y":-232}}},"selection":["node:16384000"],"view":{"scroll":{"x":997.8349609375,"y":-472.152801513671875},"visible_rect":{"max":{"x":2803.825927734375,"y":-453.007843017578125},"min":{"x":1452.7493896484375,"y":-687.407958984375}},"zoom":0.686859667301177979}}