{"nodes":{"node:16580608":{"location":{"x":-835,"y":-132}},"node:16646144":{"location":{"x":-835,"y":-403}},"node:16711680":{"location":{"x":-137,"y":-295}}},"selection":null,"view":{"scroll":{"x":-972.5833740234375,"y":-380.40521240234375},"visible_rect":{"max":{"x":364.4166259765625,"y":234.59478759765625},"min":{"x":-972.5833740234375,"y":-380.40521240234375}},"zoom":1}}