{"nodes":{"node:16384000":{"location":{"x":235,"y":224}},"node:16449536":{"location":{"x":232,"y":-79}},"node:16515072":{"location":{"x":-241,"y":228}},"node:16580608":{"location":{"x":-275,"y":-307}},"node:16646144":{"location":{"x":-243,"y":-563}},"node:16711680":{"location":{"x":824,"y":-210}}},"selection":null,"view":{"scroll":{"x":-243.211578369140625,"y":-104.795722961425781},"visible_rect":{"max":{"x":1127.03076171875,"y":562.56341552734375},"min":{"x":-194.569259643554688,"y":-83.836578369140625}},"zoom":1.25}}