{"nodes":{"node:16449536":{"location":{"x":296,"y":-4}},"node:16515072":{"location":{"x":-385,"y":180}},"node:16580608":{"location":{"x":-499,"y":-195}},"node:16646144":{"location":{"x":837,"y":-338}},"node:16711680":{"location":{"x":-227,"y":-547}}},"selection":null,"view":{"scroll":{"x":-39.9200439453125,"y":-646.42510986328125},"visible_rect":{"max":{"x":1730.080322265625,"y":135.574920654296875},"min":{"x":-39.9200515747070312,"y":-646.42529296875}},"zoom":0.999999761581420898}}