{"nodes":{"node:15990784":{"location":{"x":4309,"y":-192}},"node:16056320":{"location":{"x":3100,"y":-256}},"node:16121856":{"location":{"x":1964,"y":4}},"node:16187392":{"location":{"x":2476,"y":-443}},"node:16252928":{"location":{"x":1206,"y":-642}},"node:16318464":{"location":{"x":2956,"y":108}},"node:16384000":{"location":{"x":1651,"y":-880}},"node:16449536":{"location":{"x":318,"y":-236}},"node:16515072":{"location":{"x":1339,"y":-152}},"node:16580608":{"location":{"x":428,"y":-564}},"node:16646144":{"location":{"x":620,"y":-836}},"node:16711680":{"location":{"x":3660,"y":-304}}},"selection":null,"view":{"scroll":{"x":4240.58154296875,"y":-412.4837646484375},"visible_rect":{"max":{"x":4572.58154296875,"y":525.5162353515625},"min":{"x":4240.58154296875,"y":-412.4837646484375}},"zoom":1}}