{"nodes":{"node:16580608":{"location":{"x":-659,"y":204}},"node:16646144":{"location":{"x":-627,"y":-67}},"node:16711680":{"location":{"x":-105,"y":70}}},"selection":null,"view":{"scroll":{"x":-1023.9676513671875,"y":-176.1607666015625},"visible_rect":{"max":{"x":371.22589111328125,"y":425.471405029296875},"min":{"x":-819.17413330078125,"y":-140.928619384765625}},"zoom":1.25}}