{"nodes":{"node:16449536":{"location":{"x":184,"y":-68}},"node:16515072":{"location":{"x":-291,"y":332}},"node:16580608":{"location":{"x":-275,"y":-307}},"node:16646144":{"location":{"x":-243,"y":-563}},"node:16711680":{"location":{"x":997,"y":-242}}},"selection":["node:16449536"],"view":{"scroll":{"x":-401.39019775390625,"y":-302.6763916015625},"visible_rect":{"max":{"x":1863.5030517578125,"y":332.583831787109375},"min":{"x":-694.1212158203125,"y":-523.4161376953125}},"zoom":0.578271031379699707}}